Country_Icao,Airport_Name,count,unique,top,freq,mean,std,min,25%,50%,75%,max
AT_LOWG,Graz Airport,20.0,,,,872575.4,246184.4025940076,201132.0,907477.25,960204.0,992959.0,1049248.0
AT_LOWI,Innsbruck Airport (Kranebitten Airport),20.0,,,,878784.7,243069.34300797028,126743.0,748671.5,976909.5,1011826.0,1151272.0
AT_LOWK,Klagenfurt Airport,20.0,,,,293914.55,145599.95403356524,29722.0,215376.25,274073.5,415246.0,524111.0
AT_LOWL,Linz Airport (Blue Danube Airport),20.0,,,,564152.95,237035.8492143896,52755.0,444885.5,608003.0,746464.25,844330.0
AT_LOWS,Salzburg Airport,20.0,,,,1582655.4,424559.24693788396,303746.0,1542566.0,1724561.0,1841963.5,1975784.0
AT_LOWW,Vienna International Airport,20.0,,,,19857100.95,5674227.80836462,7876108.0,16609480.75,20479758.5,23073806.25,31783420.0
BA_LQSA,Sarajevo International Airport,1.0,,,,756884.0,,756884.0,756884.0,756884.0,756884.0,756884.0
BA_LQTZ,Tuzla International Airport,1.0,,,,230775.0,,230775.0,230775.0,230775.0,230775.0,230775.0
BE_EBAW,Antwerp International Airport,17.0,,,,159263.17647058822,73961.10853198059,75662.0,110205.0,126002.0,221336.0,289621.0
BE_EBBR,Brussels Airport (Zaventem Airport),20.0,,,,18574541.75,4916594.590161802,6770442.0,16565277.5,18806152.5,21910653.0,26417507.0
BE_EBCI,Brussels South Charleroi Airport,19.0,,,,5196820.368421053,2356375.387402917,1863086.0,2736402.0,5882679.0,7117951.5,8257292.0
BE_EBLG,Liege Airport,17.0,,,,254096.23529411765,104691.03618895066,41639.0,164043.0,296411.0,310155.0,394625.0
BE_EBOS,Ostend-Bruges International Airport,16.0,,,,265591.75,101180.76667595148,102764.0,206471.75,228330.5,356263.75,445519.0
BG_LBBG,Burgas Airport,16.0,,,,2152110.9375,744649.44458436,419218.0,1839832.5,2295805.5,2609962.0,3266565.0
BG_LBSF,Sofia Airport,16.0,,,,4267191.25,1509245.5322545986,2739496.0,3261346.75,3483567.0,5221258.25,7085918.0
BG_LBWN,Varna Airport,16.0,,,,1451942.9375,408659.456079259,623223.0,1226666.0,1404235.5,1545012.25,2296047.0
CH_LSGG,Geneva Airport,20.0,,,,12419039.45,3727800.4063537675,5558340.0,9823435.5,12423270.0,15232333.75,17857519.0
CH_LSGS,Sion Airport,20.0,,,,5785.4,4927.259795742137,1339.0,3581.75,4649.0,6401.25,24555.0
CH_LSZA,Lugano Airport,20.0,,,,129463.0,62997.15584306794,275.0,123778.75,156687.0,167401.0,186945.0
CH_LSZB,Bern Airport,20.0,,,,121686.95,70442.48148329022,5629.0,85140.25,122291.5,168743.5,258511.0
CH_LSZH,Zurich Airport,20.0,,,,22323189.95,6099510.325693715,8314350.0,19175414.5,22717153.5,25699659.75,31510469.0
CH_LSZR,St. Gallen-Altenrhein Airport,20.0,,,,85565.25,28077.482644835745,22414.0,81375.5,94902.5,102171.25,115518.0
CY_LCLK,Larnaca International Airport,20.0,,,,5580108.8,1490083.0641284327,1695840.0,5108479.25,5388965.5,5819879.75,8370467.0
CY_LCPH,Paphos International Airport,20.0,,,,2073751.55,566947.1796627298,631983.0,1794078.5,1980211.5,2295934.75,3177855.0
CZ_LKKV,Karlovy Vary Airport,20.0,,,,51664.25,31929.585524655904,587.0,25043.25,48362.0,73373.25,103720.0
CZ_LKMT,Leos Janacek Airport,20.0,,,,289139.15,85234.82446578487,39749.0,268744.75,316484.5,334635.75,401819.0
CZ_LKPD,Pardubice Airport,14.0,,,,89443.92857142857,46821.19619518869,30002.0,58697.75,82985.5,120306.0,184158.0
CZ_LKPR,Vaclav Havel Airport Prague,20.0,,,,11307377.6,3410511.9530496234,3658145.0,10740595.25,11544853.0,12451881.25,17796640.0
CZ_LKTB,Brno-Turany Airport,20.0,,,,423515.2,145137.0047258796,85965.0,409239.0,478338.5,512462.0,587754.0
DE_EDAC,Leipzig-Altenburg Airport,8.0,,,,208.625,115.80887888487406,106.0,123.5,171.5,241.25,429.0
DE_EDAH,Heringsdorf Airport,8.0,,,,6076.125,4208.30310007999,1842.0,2750.0,4890.0,9007.75,13456.0
DE_EDBC,Magdeburg-Cochstedt Airport,1.0,,,,31.0,,31.0,31.0,31.0,31.0,31.0
DE_EDBH,Stralsund-Barth Airport,8.0,,,,77.5,71.50624348364873,6.0,28.5,55.0,107.25,195.0
DE_EDCG,Rugen Airport (Guttin Airfield),8.0,,,,73.25,42.38176831745327,24.0,46.25,72.0,85.5,151.0
DE_EDDB,Berlin Brandenburg Airport,20.0,,,,8104421.15,4098049.5504690534,1812718.0,6284061.5,7118100.0,10319213.0,19840576.0
DE_EDDC,Dresden Airport,20.0,,,,1586552.8,479832.6030129345,328513.0,1647492.75,1754315.0,1874860.5,1930977.0
DE_EDDE,Erfurt-Weimar Airport,20.0,,,,266514.1,119050.28044039563,28307.0,214007.0,270979.0,320203.75,498373.0
DE_EDDF,Frankfurt Airport,20.0,,,,53487975.8,12477672.530307956,18788995.0,51368507.25,54044868.0,59982701.0,70634781.0
DE_EDDG,Munster Osnabruck International Airport,20.0,,,,1100233.9,405232.350084154,218770.0,847738.75,1015077.0,1486917.25,1611830.0
DE_EDDH,Hamburg Airport,20.0,,,,12700878.05,3550614.6944639627,4564946.0,11004644.75,12938935.0,14987188.0,17650795.0
DE_EDDK,Cologne Bonn Airport,20.0,,,,9487896.05,2415686.2793490617,3084883.0,9005993.0,9702205.5,10408559.5,12962247.0
DE_EDDL,Dusseldorf Airport,20.0,,,,18504338.5,5069179.180450197,6576778.0,15943037.0,18594106.0,22016241.75,25496594.0
DE_EDDM,Munich Airport,20.0,,,,33959682.65,9847632.87861699,11116926.0,30275985.0,34667496.5,40108252.5,47963043.0
DE_EDDN,Nuremberg Airport,20.0,,,,3543006.3,954146.1439071888,907754.0,3338113.75,3834406.0,4102390.75,4469405.0
DE_EDDP,Leipzig/Halle Airport,20.0,,,,2262762.55,666562.1144087004,533557.0,2161299.25,2363042.0,2641157.75,3035073.0
DE_EDDR,Saarbrucken Airport,20.0,,,,426645.3,128608.09807444598,57547.0,388830.25,456436.5,504629.5,562388.0
DE_EDDS,Stuttgart Airport,20.0,,,,9200016.65,2351460.5779868253,3212663.0,8955282.75,9672876.0,10389204.25,12735648.0
DE_EDDT,Berlin Tegel Airport,18.0,,,,16276375.666666666,4946838.263748555,5871784.0,12219471.25,15995979.5,20636305.0,24230525.0
DE_EDDV,Hannover Airport,20.0,,,,5070708.4,1240920.555880631,1457842.0,5114581.75,5342328.5,5675792.5,6336715.0
DE_EDDW,Bremen Airport,20.0,,,,2124873.9,653499.8818076565,595215.0,1706393.0,2454981.0,2570215.5,2777950.0
DE_EDFH,Frankfurt-Hahn Airport,20.0,,,,2624905.25,981687.5012914657,493404.0,2294177.25,2735771.0,3118801.0,4072336.0
DE_EDFM,Mannheim City Airport,8.0,,,,68027.25,9365.9332652209,52413.0,66375.5,69873.0,70526.25,83558.0
DE_EDGS,Siegerland Airport,8.0,,,,333.75,268.71905137416024,131.0,157.75,250.0,370.0,942.0
DE_EDHI,Hamburg Finkenwerder Airport,8.0,,,,1350.25,1655.33921858072,27.0,125.5,347.0,2801.5,3835.0
DE_EDHK,Kiel Airport,8.0,,,,23200.625,31914.028652604888,202.0,259.25,3584.5,44999.0,82325.0
DE_EDHL,Lubeck Airport,13.0,,,,430517.8461538461,228698.33953917192,805.0,329079.0,529461.0,597379.0,701972.0
DE_EDJA,Memmingen Airport,16.0,,,,962793.125,461025.14964281867,84400.0,754134.75,880257.5,1039694.0,1988291.0
DE_EDLE,Essen/Mulheim Airport,8.0,,,,372.75,107.8818798501398,196.0,325.5,380.5,424.75,514.0
DE_EDLN,Dusseldorf Monchengladbach Airport,8.0,,,,248.5,97.13466351999608,147.0,179.5,206.0,335.0,407.0
DE_EDLP,Paderborn Lippstadt Airport,20.0,,,,821578.35,364008.4055125903,91634.0,699129.5,783514.5,1055323.75,1351198.0
DE_EDLV,Weeze Airport (Niederrhein Airport),20.0,,,,1424968.55,855940.3181005992,33321.0,587362.5,1596374.5,1984746.0,2896112.0
DE_EDLW,Dortmund Airport,20.0,,,,1847532.95,529157.2248656572,267600.0,1705709.0,1918915.0,2025920.75,2717583.0
DE_EDMA,Augsburg Airport,8.0,,,,14736.0,23233.29288511885,228.0,372.5,599.0,21084.5,57796.0
DE_EDMO,Oberpfaffenhofen Airport,8.0,,,,482.5,309.42111849618243,237.0,321.25,348.0,486.5,1156.0
DE_EDMS,Straubing Wallmuhle Airport,8.0,,,,75.125,24.186404091082718,45.0,63.0,68.0,81.75,113.0
DE_EDNY,Friedrichshafen Airport (Bodensee Airport),20.0,,,,460935.25,164260.11207545025,92342.0,454020.5,508124.0,556665.25,632489.0
DE_EDQD,Bindlacher Berg Airport,8.0,,,,75.0,55.06100512807849,37.0,43.5,50.0,77.0,187.0
DE_EDQM,Hof-Plauen Airport,8.0,,,,20971.875,3700.7645711007185,14138.0,19002.5,22606.5,23360.75,24663.0
DE_EDRZ,Zweibrucken Airport,7.0,,,,253125.85714285713,48658.532483791474,211407.0,214708.0,231838.0,285641.0,327938.0
DE_EDSB,Karlsruhe/Baden-Baden Airport,17.0,,,,1055352.294117647,252044.39340415923,388747.0,967624.0,1107811.0,1243909.0,1337565.0
DE_EDVE,Braunschweig-Wolfsburg Airport,8.0,,,,1989.75,345.7334852992155,1551.0,1865.0,1934.5,2068.25,2727.0
DE_EDVK,Kassel Airport,8.0,,,,347.5,125.15932703101733,248.0,263.0,300.5,379.75,616.0
DE_EDWB,Bremerhaven Airport,6.0,,,,99.66666666666667,67.50012345667722,2.0,59.75,106.5,139.0,189.0
DE_EDWD,Lemwerder Airport,2.0,,,,4.5,2.1213203435596424,3.0,3.75,4.5,5.25,6.0
DE_EDWE,Emden Airport,8.0,,,,162.75,116.01816360257685,36.0,65.0,149.0,243.0,326.0
DE_EDWG,Wangerooge Airport,8.0,,,,57.25,23.13161102412516,23.0,40.0,56.0,77.25,90.0
DE_EDWJ,Juist Airport,8.0,,,,122.5,28.804761511150993,92.0,102.75,110.5,143.5,174.0
DE_EDWL,Langeoog Airport,8.0,,,,39.875,16.89833043316917,12.0,34.0,44.0,49.0,63.0
DE_EDWR,Borkum Airfield,8.0,,,,20.875,16.513522597296696,6.0,6.0,19.0,28.5,53.0
DE_EDWS,Norddeich Airport,2.0,,,,2.5,2.1213203435596424,1.0,1.75,2.5,3.25,4.0
DE_EDWY,Norderney Airport,8.0,,,,39.75,7.44023809142845,30.0,33.75,40.0,45.0,51.0
DE_EDXB,Heide-Busum Airport,7.0,,,,17.857142857142858,13.692194509142443,7.0,8.0,10.0,26.0,40.0
DE_EDXF,Flensburg-Schaferhaus Airport,8.0,,,,46.5,26.6028999493342,15.0,30.25,38.0,63.0,90.0
DE_EDXH,Helgoland Airport (Dune Airport),8.0,,,,283.875,382.20691385687934,32.0,100.75,196.5,213.5,1215.0
DE_EDXO,Sankt Peter-Ording Airport,6.0,,,,24.666666666666668,50.674122258472984,1.0,3.25,4.0,7.0,128.0
DE_EDXW,Sylt Airport (Westerland Airport),14.0,,,,115830.0,59065.563614316954,17088.0,89415.5,133856.5,152941.75,193109.0
DE_EDXY,Wyk auf Fohr Airport,8.0,,,,17.375,13.564001727261127,4.0,7.0,14.0,22.5,45.0
DE_ETIE,Heidelberg Airport,4.0,,,,44.0,86.0,1.0,1.0,1.0,44.0,173.0
DE_ETNL,Rostock-Laage Airport,16.0,,,,149929.4375,72660.73322867838,19372.0,124384.75,155541.5,183506.25,268177.0
DE_ETSI,Ingolstadt Manching Airport,2.0,,,,1219.0,1661.7009357883867,44.0,631.5,1219.0,1806.5,2394.0
DE_ETUO,RAF Gutersloh,4.0,,,,77.75,95.33930633969042,0.0,4.5,54.5,127.75,202.0
DK_EKAH,Aarhus Airport,20.0,,,,453876.3,132205.25247950028,119230.0,410222.5,491349.0,551045.0,588698.0
DK_EKBI,Billund Airport,20.0,,,,2530018.8,776467.2928597898,925904.0,1977425.0,2625804.0,2973473.5,3720836.0
DK_EKCH,Copenhagen Airport,20.0,,,,22055412.75,6042364.93958679,7517006.0,19895719.75,21810180.0,25917378.0,30262426.0
DK_EKEB,Esbjerg Airport,20.0,,,,111877.9,46203.8883586994,45419.0,83013.5,93775.5,144843.0,198133.0
DK_EKKA,Karup Airport,20.0,,,,153363.5,78271.37880040053,19973.0,123191.75,150177.0,199801.0,310998.0
DK_EKRK,Roskilde Airport,19.0,,,,10429.578947368422,2935.3159458147575,5981.0,8532.5,9926.0,12447.5,16791.0
DK_EKRN,Bornholm Airport,20.0,,,,197011.65,56129.80270509739,39950.0,174107.75,206132.5,232142.5,268481.0
DK_EKSB,Sonderborg Airport,20.0,,,,56862.9,15052.609407988826,21894.0,50254.5,60480.5,67592.75,73611.0
DK_EKTS,Thisted Airport,19.0,,,,1101.2105263157894,2566.1376636439304,3.0,16.0,22.0,107.5,8257.0
DK_EKYT,Aalborg Airport,20.0,,,,1124582.25,384271.470041671,294165.0,775914.0,1316762.5,1419815.5,1583749.0
EE_EETN,Tallinn Airport (Lennart Meri Tallinn Airport),20.0,,,,1856241.45,696695.0284374963,710069.0,1374445.75,1856497.0,2205823.5,3258323.0
ES_GCFV,Fuerteventura Airport,20.0,,,,4515543.35,998020.2568357795,2136792.0,3960119.25,4400797.5,5170000.5,6094486.0
ES_GCHI,El Hierro Airport,14.0,,,,184231.64285714287,45158.850662636774,123525.0,156089.5,173724.0,189842.75,273498.0
ES_GCLA,La Palma Airport,20.0,,,,1069815.85,207594.05992269347,720939.0,957112.5,1056118.5,1162622.25,1482614.0
ES_GCLP,Gran Canaria Airport,20.0,,,,10149375.65,2014722.8389241947,5104768.0,9469930.0,9860496.0,10881098.5,13426003.0
ES_GCRR,Lanzarote Airport,20.0,,,,5603465.4,1249109.3475049962,2536073.0,5278996.25,5397009.5,6262723.0,7384375.0
ES_GEML,Melilla Airport,20.0,,,,302180.6,60367.45226082642,191117.0,273825.75,305345.0,324524.0,444274.0
ES_LEAL,Alicante-Elche Airport,20.0,,,,9901017.2,2710167.8156053964,3725309.0,8778489.0,9467157.5,11000742.75,15004224.0
ES_LEAM,Almeria Airport,20.0,,,,810950.65,239503.78319751794,190798.0,727585.0,805687.0,981445.75,1193505.0
ES_LEAS,Asturias Airport (Oviedo Airport),20.0,,,,1211833.55,273151.4337869005,494969.0,1055174.0,1307880.5,1399233.25,1555933.0
ES_LEBB,Bilbao Airport,20.0,,,,4018741.85,971502.4510143946,1674596.0,3744993.25,4011821.0,4340094.25,5860179.0
ES_LEBL,Barcelona El Prat Airport,20.0,,,,33496382.8,10242059.661040606,12461563.0,27218517.5,33576782.5,40083832.0,51754419.0
ES_LECO,A Coruna Airport,20.0,,,,948586.1,253317.8616645602,428822.0,837078.5,1000949.0,1101204.25,1348515.0
ES_LEGE,Girona-Costa Brava Airport,20.0,,,,2679633.15,1532861.4732187463,164793.0,1730546.5,2434937.5,3526888.0,5484663.0
ES_LEGR,Federico Garcia Lorca Airport (Granada Jaen Airport),20.0,,,,869993.75,301660.67994404346,386246.0,645694.25,856906.0,1075564.5,1444441.0
ES_LEIB,Ibiza Airport,20.0,,,,5596619.7,1671052.735490702,2104885.0,4508580.25,5281707.5,6699007.5,8228358.0
ES_LEJR,Jerez Airport (La Parra Airport),20.0,,,,951363.45,295773.5418314554,212037.0,810009.5,978052.5,1119311.5,1526368.0
ES_LELC,Murcia-San Javier Airport,17.0,,,,1211680.4705882352,469539.7098637023,21541.0,1093349.0,1194359.0,1404974.0,1991225.0
ES_LEMD,Adolfo Suarez Madrid-Barajas Airport,20.0,,,,44537887.75,10347249.240499107,16506150.0,41112939.75,47210087.0,50348261.25,59816612.0
ES_LEMG,Malaga Airport,20.0,,,,13565545.05,3534422.6712104734,5076747.0,12039491.5,12831953.0,14933954.75,19611331.0
ES_LEMH,Menorca Airport (Mahon Airport),20.0,,,,2740195.85,582004.0432269825,1075136.0,2554893.5,2624467.0,2941252.75,3940123.0
ES_LEMI,Region de Murcia International Airport,4.0,,,,601804.0,425974.29592640913,204012.0,261900.0,564880.5,904784.5,1073443.0
ES_LEPA,Palma de Mallorca Airport,20.0,,,,22388415.2,5318551.13247893,6099346.0,21133396.75,22720137.0,24351253.5,29625649.0
ES_LEPP,Pamplona Airport,17.0,,,,249271.82352941178,118437.94839716455,82829.0,144484.0,240316.0,325079.0,487899.0
ES_LERS,Reus Airport,19.0,,,,1009554.1578947369,411158.3235427366,35223.0,831432.5,1030296.0,1322220.5,1691764.0
ES_LESO,San Sebastian Airport,19.0,,,,279676.15789473685,80270.34359882661,84285.0,250255.0,279608.0,302863.5,462008.0
ES_LEST,Santiago de Compostela Airport,20.0,,,,2111764.45,544290.6112827745,929973.0,1852305.75,2066660.5,2459937.5,3293564.0
ES_LEVC,Valencia Airport,20.0,,,,5177008.7,1650083.9928315643,2412454.0,4587010.75,4930382.5,5812809.25,8400600.0
ES_LEVD,Valladolid Airport,19.0,,,,307894.36842105264,129225.44952317959,67268.0,218644.0,254169.0,435045.0,501903.0
ES_LEVT,Vitoria Airport,20.0,,,,82071.5,66153.19705406296,6074.0,31992.5,72475.0,129845.75,234169.0
ES_LEVX,Vigo-Peinador Airport,20.0,,,,939176.1,261044.29041809015,303124.0,803378.75,972423.0,1103027.25,1403571.0
ES_LEXJ,Santander Airport,20.0,,,,809440.65,279257.6766284567,250832.0,645848.0,865363.0,1004000.25,1171426.0
ES_LEZG,Zaragoza Airport,20.0,,,,441850.95,149643.6048129636,170515.0,366946.25,431849.0,534630.75,750532.0
ES_LEZL,Seville Airport,20.0,,,,4327038.05,1364155.3428658405,2256170.0,3625679.0,4238399.0,4693637.25,7522776.0
FI_EFET,Enontekio Airport,19.0,,,,18456.21052631579,6857.657136198982,14.0,16051.5,19468.0,21806.0,28032.0
FI_EFHA,Halli Airport,13.0,,,,28.692307692307693,54.58996338672617,0.0,6.0,14.0,19.0,206.0
FI_EFHF,Helsinki-Malmi Airport,14.0,,,,31.5,44.47946803777083,0.0,0.0,9.5,48.25,154.0
FI_EFHK,Helsinki Airport (Helsinki-Vantaa Airport),20.0,,,,13703134.85,4488850.24718518,4295944.0,11751710.25,13260098.5,16080815.25,22008010.0
FI_EFHV,Hyvink- Airfield,2.0,,,,0.0,0.0,0.0,0.0,0.0,0.0,0.0
FI_EFIV,Ivalo Airport,20.0,,,,168347.25,44209.01893681043,117964.0,140125.25,154981.5,170213.25,273048.0
FI_EFJO,Joensuu Airport,20.0,,,,117337.3,45135.769285101305,9812.0,119907.75,129144.5,143854.5,163243.0
FI_EFJY,Jyvaskyla Airport,20.0,,,,88196.25,47885.90571224041,5463.0,60722.5,88444.5,130854.0,165802.0
FI_EFKA,Kauhava Airfield,8.0,,,,269.625,376.570212576619,4.0,13.5,103.5,341.75,967.0
FI_EFKE,Kemi-Tornio Airport,20.0,,,,74775.65,30550.71533364429,14890.0,60348.75,78614.0,95667.5,119067.0
FI_EFKI,Kajaani Airport,20.0,,,,79065.3,28881.035017719445,17906.0,73946.0,84494.5,91819.25,125098.0
FI_EFKK,Kokkola-Pietarsaari Airport,20.0,,,,78344.45,26061.885357084,14952.0,77379.75,88339.5,94446.25,98517.0
FI_EFKS,Kuusamo Airport,20.0,,,,94333.5,16992.82889462803,69057.0,76451.75,94568.5,108820.75,119410.0
FI_EFKT,Kittila Airport,20.0,,,,275335.1,62159.58608029565,208986.0,232759.5,256127.0,274617.0,412181.0
FI_EFKU,Kuopio Airport,20.0,,,,239746.15,77993.71447230117,36813.0,235683.75,256675.0,285360.0,331902.0
FI_EFLP,Lappeenranta Airport,13.0,,,,58685.53846153846,32361.119082461144,14328.0,35776.0,49513.0,89529.0,116942.0
FI_EFMA,Mariehamn Airport,20.0,,,,51605.7,13134.503224633001,18305.0,51247.5,55183.0,59364.25,63732.0
FI_EFMI,Mikkeli Airport,7.0,,,,2973.285714285714,4475.555522848001,5.0,17.5,36.0,5424.0,9889.0
FI_EFOU,Oulu Airport,20.0,,,,826944.8,221518.5798940434,302975.0,725004.0,851408.5,976124.0,1105797.0
FI_EFPO,Pori Airport,20.0,,,,36342.05,23910.74338907975,4711.0,13727.75,30708.5,60840.0,70144.0
FI_EFRO,Rovaniemi Airport,20.0,,,,433653.3,113251.49142696346,256724.0,379621.25,415808.5,479860.25,665417.0
FI_EFSA,Savonlinna Airport,20.0,,,,15274.25,9117.300707850347,613.0,10680.25,13459.0,19582.25,36606.0
FI_EFSI,Seinajoki Airport,8.0,,,,31198.5,11217.150835089224,6160.0,28896.25,33608.5,38025.0,42274.0
FI_EFSO,Sodankyla Airfield,1.0,,,,0.0,,0.0,0.0,0.0,0.0,0.0
FI_EFTP,Tampere-Pirkkala Airport,20.0,,,,415312.5,225925.64092697218,8930.0,229454.5,439668.0,634292.5,715290.0
FI_EFTU,Turku Airport,20.0,,,,311388.5,105553.38347839372,51535.0,298309.25,322883.5,360709.25,471766.0
FI_EFUT,Utti Airport,15.0,,,,22.0,18.079190879492998,0.0,8.5,14.0,34.0,61.0
FI_EFVA,Vaasa Airport,20.0,,,,272024.15,94972.68362577516,19408.0,278427.0,301043.5,319930.75,381494.0
FI_EFVR,Varkaus Airport,13.0,,,,11010.307692307691,8800.166422523072,0.0,6329.0,9465.0,13265.0,30185.0
FR_LFAT,Le Touquet - Cote d'Opale Airport,2.0,,,,5648.5,1013.2840174403226,4932.0,5290.25,5648.5,6006.75,6365.0
FR_LFBA,Agen La Garenne Airport,5.0,,,,24583.4,6723.989983633231,15219.0,23024.0,23334.0,27925.0,33415.0
FR_LFBD,Bordeaux-Merignac Airport,20.0,,,,4352821.9,1507901.4378785854,2273719.0,3184982.25,3899340.5,5447168.5,7722892.0
FR_LFBE,Bergerac Dordogne Perigord Airport,20.0,,,,240423.0,75363.37017620556,54182.0,230291.0,272059.5,285752.5,314344.0
FR_LFBH,La Rochelle - Ile de Re Airport,20.0,,,,179406.0,62432.50429316278,32105.0,158443.25,212290.0,220375.5,239814.0
FR_LFBI,Poitiers-Biard Airport,7.0,,,,106076.28571428571,11734.739816946458,85714.0,103633.5,104309.0,112135.5,120973.0
FR_LFBL,Limoges - Bellegarde Airport,20.0,,,,279835.55,90605.51534477416,63943.0,269705.75,301596.5,338742.0,390217.0
FR_LFBO,Toulouse-Blagnac Airport,20.0,,,,6808991.8,1735078.6937732704,3142171.0,5861096.25,6777070.0,7673759.75,9710686.0
FR_LFBP,Pau Pyrenees Airport,20.0,,,,609353.45,163867.38866871173,183699.0,605283.0,635665.0,697803.5,816313.0
FR_LFBT,Tarbes-Lourdes-Pyrenees Airport,20.0,,,,403069.25,122817.20488162157,77235.0,380821.0,420877.5,452001.5,676429.0
FR_LFBU,Angouleme - Cognac International Airport,4.0,,,,17642.5,10740.73077898644,6553.0,9451.75,17974.5,26165.25,28068.0
FR_LFBX,Perigueux Bassillac Airport,4.0,,,,13020.75,9633.305745346886,4189.0,4996.75,12708.0,20732.0,22478.0
FR_LFBZ,Biarritz Pays Basque Airport,20.0,,,,951102.1,198868.0129022103,383369.0,852693.0,1011280.0,1070688.75,1190685.0
FR_LFCK,Castres-Mazamet Airport,7.0,,,,21664.85714285714,3280.5786800792444,18635.0,19984.5,20556.0,21963.5,28567.0
FR_LFCR,Rodez-Marcillac Airport,10.0,,,,140664.2,13898.63686201716,116068.0,133557.75,144042.5,147480.25,158662.0
FR_LFDN,Rochefort - Saint-Agnant Airport,1.0,,,,22277.0,,22277.0,22277.0,22277.0,22277.0,22277.0
FR_LFGJ,Dole-Jura Airport,1.0,,,,4216.0,,4216.0,4216.0,4216.0,4216.0,4216.0
FR_LFHP,Le Puy - Loudes Airport,3.0,,,,7681.666666666667,352.3554076970202,7316.0,7513.0,7710.0,7864.5,8019.0
FR_LFJL,Metz-Nancy-Lorraine Airport,20.0,,,,233824.0,91775.10826270694,18820.0,232726.75,255013.0,282325.0,331061.0
FR_LFJR,Angers - Loire Airport,3.0,,,,7468.0,2353.5995836165507,4787.0,6605.0,8423.0,8808.5,9194.0
FR_LFKB,Bastia - Poretta Airport,20.0,,,,1094258.15,250957.148897927,813488.0,851579.75,1018297.0,1222258.5,1559969.0
FR_LFKC,Calvi - Sainte-Catherine Airport,20.0,,,,290934.65,40938.72757551987,191312.0,270839.0,298780.5,322251.25,347750.0
FR_LFKF,Figari-Sud Corse Airport,20.0,,,,506011.8,187107.73359346806,261791.0,365292.5,453075.0,653557.5,895400.0
FR_LFKJ,Ajaccio Napoleon Bonaparte Airport,20.0,,,,1254848.25,248129.88701248576,941982.0,1052185.0,1201551.5,1416749.25,1674100.0
FR_LFLB,Chambery-Savoie Airport,20.0,,,,192056.2,60422.5207322742,6530.0,184528.75,206904.5,227476.0,270346.0
FR_LFLC,Clermont-Ferrand Auvergne Airport,20.0,,,,429263.95,179463.64729513065,91717.0,386050.5,415801.5,519735.5,919266.0
FR_LFLJ,Courchevel Altiport,1.0,,,,5256.0,,5256.0,5256.0,5256.0,5256.0,5256.0
FR_LFLL,Lyon-Saint-Exupery Airport,20.0,,,,7911111.8,2032400.6706076385,3560239.0,6611514.75,8329124.0,8651456.75,11772115.0
FR_LFLP,Annecy - Haute-Savoie - Mont Blanc Airport,7.0,,,,53812.57142857143,10116.117401736414,36178.0,50214.5,51280.0,61892.5,65016.0
FR_LFLS,Grenoble-Isere Airport,20.0,,,,308304.05,110628.40522810204,15653.0,255199.5,316875.0,355168.75,468557.0
FR_LFLW,Aurillac - Tronquieres Airport,7.0,,,,18047.85714285714,1937.7873488914643,14578.0,17164.0,18666.0,19131.0,20501.0
FR_LFLX,Chateauroux-Centre Marcel Dassault Airport,4.0,,,,7565.5,5355.33581268875,3196.0,3768.25,6093.0,9890.25,14880.0
FR_LFLY,Lyon-Bron Airport,4.0,,,,11229.0,1827.0646768336728,9829.0,9877.0,10683.0,12035.0,13721.0
FR_LFMD,Cannes - Mandelieu Airport,7.0,,,,15406.42857142857,3479.614291706427,9968.0,13382.0,16511.0,17428.0,19746.0
FR_LFMH,Saint-Etienne-Boutheon Airport,8.0,,,,49013.25,46955.48957333348,4278.0,8483.5,29757.5,96312.75,114610.0
FR_LFMK,Carcassonne Airport,20.0,,,,350574.6,109163.62035924259,75494.0,325673.0,391142.0,416243.75,471318.0
FR_LFML,Marseille Provence Airport,20.0,,,,7310759.55,1772974.427439751,3369839.0,5893597.0,7603829.0,8449721.75,10178929.0
FR_LFMN,Nice Cote d'Azur Airport,20.0,,,,10626715.85,2323611.057970813,4585381.0,9709164.25,10408601.0,12045927.5,14501172.0
FR_LFMP,Perpignan-Rivesaltes Airport,20.0,,,,390898.8,70737.21252383433,188537.0,364645.0,412370.5,445875.5,468898.0
FR_LFMQ,Le Castellet Airport,1.0,,,,4704.0,,4704.0,4704.0,4704.0,4704.0,4704.0
FR_LFMT,Montpellier-Mediterranee Airport (Frejorgues Airport),20.0,,,,1422547.25,286202.2294511853,805763.0,1277238.25,1324393.5,1592250.25,1936987.0
FR_LFMU,Beziers Cap d'Agde Airport,19.0,,,,149646.36842105264,90807.1670202612,31791.0,58046.5,193702.0,231233.5,259163.0
FR_LFMV,Avignon - Provence Airport,7.0,,,,73998.42857142857,21816.14800140134,30613.0,72973.5,75982.0,81047.0,103353.0
FR_LFOH,Le Havre - Octeville Airport,7.0,,,,49786.57142857143,5653.847800602785,44796.0,45736.5,46523.0,53552.5,58609.0
FR_LFOP,Rouen Airport,7.0,,,,23084.714285714286,3739.2983617378327,19864.0,20685.0,21576.0,24076.5,30630.0
FR_LFOT,Tours Val de Loire Airport,18.0,,,,132096.88888888888,56251.48421768808,48996.0,83079.5,139256.5,184155.5,199936.0
FR_LFPG,Paris Charles de Gaulle Airport,20.0,,,,57434595.8,13232397.955863211,22262748.0,55681803.25,60022740.0,64285292.25,76195486.0
FR_LFQQ,Lille Airport (Lille-Lesquin Airport),20.0,,,,1346247.75,449649.4774093629,737630.0,987023.25,1186668.0,1691816.25,2195977.0
FR_LFRB,Brest Bretagne Airport,20.0,,,,892645.4,190848.17106976343,462907.0,782853.25,887458.5,1015020.5,1260889.0
FR_LFRC,Cherbourg - Maupertus Airport,5.0,,,,9564.0,2234.9130855583626,7146.0,8294.0,9303.0,10013.0,13064.0
FR_LFRD,Dinard-Pleurtuit-Saint-Malo Airport,8.0,,,,152722.875,28201.669623509377,112590.0,132735.5,153798.0,178933.75,185362.0
FR_LFRG,Deauville - Saint-Gatien Airport,8.0,,,,66187.0,38177.97431204841,23206.0,39062.5,64876.5,77799.25,144050.0
FR_LFRH,Lorient South Brittany Airport (Lann-Bihoue Airport),15.0,,,,178385.8,35319.070419736214,122697.0,153090.5,181516.0,210146.5,225025.0
FR_LFRK,Caen - Carpiquet Airport,11.0,,,,155178.18181818182,83346.1021017998,89638.0,98875.0,107866.0,194816.5,304743.0
FR_LFRM,Le Mans Arnage Airport,4.0,,,,7504.25,1534.274720076775,5426.0,6819.5,7887.5,8572.25,8816.0
FR_LFRN,Rennes-Saint-Jacques Airport,20.0,,,,512942.55,159361.83627088685,256597.0,410594.0,472368.0,564574.5,866461.0
FR_LFRO,Lannion - Cote de Granit Airport,7.0,,,,45068.42857142857,6822.976766220222,34385.0,40650.0,45704.0,50509.5,53071.0
FR_LFRQ,Quimper-Cornouaille Airport,7.0,,,,131311.57142857142,9523.486141414513,115350.0,126994.0,135318.0,137584.5,139356.0
FR_LFRS,Nantes Atlantique Airport,20.0,,,,3701055.0,1573630.0229931332,1806945.0,2472167.0,3312350.5,4571687.0,7261749.0
FR_LFRT,Saint-Brieuc - Armor Airport,3.0,,,,6158.333333333333,2753.5145420595354,4405.0,4571.5,4738.0,7035.0,9332.0
FR_LFRZ,Saint-Nazaire Montoir Airport,16.0,,,,15298.1875,7130.721218490688,2121.0,11374.5,14493.5,20316.75,28188.0
FR_LFSD,Dijon Air Base,6.0,,,,12830.166666666666,3433.654112846352,9685.0,10157.25,12480.0,13708.5,18835.0
FR_LFSG,Epinal - Mirecourt Airport,1.0,,,,4560.0,,4560.0,4560.0,4560.0,4560.0,4560.0
FR_LFSR,Reims - Champagne Airport,3.0,,,,28436.0,10517.635238018098,20330.0,22493.5,24657.0,32489.0,40321.0
FR_LFST,Strasbourg Airport,20.0,,,,1285576.8,425590.4637870593,514543.0,1071198.25,1188357.5,1394623.75,2037605.0
FR_LFTH,Toulon-Hyeres Airport (Hyeres Le Palyvestre Airport),20.0,,,,521399.5,101313.52956072862,205696.0,502380.5,541180.5,574165.75,640950.0
FR_LFTW,Nimes-Ales-Camargue-Cevennes Airport (Garons Airport),20.0,,,,186526.9,49062.15622946275,57548.0,181204.0,200646.0,218283.25,236501.0
FR_LFTZ,La Mole - Saint-Tropez Airport,3.0,,,,6207.666666666667,1499.7100830938402,4480.0,5724.5,6969.0,7071.5,7174.0
HR_LDDU,Dubrovnik Airport,15.0,,,,1630953.2,668229.0174888931,327461.0,1236296.0,1526841.0,2076139.5,2906081.0
HR_LDPL,Pula Airport,15.0,,,,409808.8,172069.2096089743,80520.0,341568.5,375979.0,421037.0,773454.0
HR_LDRI,Rijeka Airport,6.0,,,,88728.66666666667,50739.04438070022,25624.0,54847.25,86688.0,116893.0,162177.0
HR_LDSP,Split Airport,15.0,,,,1888873.6666666667,817530.2617000676,669100.0,1267482.0,1587264.0,2561829.5,3307899.0
HR_LDZA,Zagreb Airport,15.0,,,,2409052.533333333,689403.7366253398,914999.0,2107866.5,2323904.0,2924022.5,3424428.0
HR_LDZD,Zadar Airport,14.0,,,,497239.9285714286,247835.03670275526,120497.0,318562.75,500327.5,580006.25,1103608.0
HU_LHBP,Budapest Ferenc Liszt International Airport,20.0,,,,9093625.35,3175284.685082886,3842701.0,8040321.0,8435523.5,10523649.75,16129263.0
HU_LHDC,Debrecen International Airport,7.0,,,,290734.14285714284,174078.18250183697,75716.0,186095.0,284965.0,350518.5,601231.0
IE_EICK,Cork Airport,20.0,,,,2276618.8,731636.8868553077,255014.0,2217834.0,2317546.5,2625897.0,3258967.0
IE_EICM,Galway Airport,7.0,,,,182508.7142857143,81126.50842298566,67134.0,122416.0,195804.0,251659.0,266473.0
IE_EIDW,Dublin Airport,20.0,,,,21390654.55,6668767.3416344775,7267240.0,18485278.0,20886645.0,25666599.75,32676251.0
IE_EIKN,Ireland West Airport Knock,18.0,,,,607318.6666666666,180209.5303747345,142532.0,591400.0,647635.0,708072.5,805443.0
IE_EIKY,Kerry Airport (Farranfore Airport),18.0,,,,319826.94444444444,89962.72407697354,82959.0,296976.0,345261.5,380358.5,419941.0
IE_EINN,Shannon Airport,20.0,,,,1913111.2,944315.0395429538,273934.0,1407706.5,1629486.5,2509777.5,3690889.0
IS_BIAR,Akureyri Airport,5.0,,,,159173.4,49409.91112418641,81028.0,140045.0,182239.0,194366.0,198189.0
IS_BIKF,Keflavík International Airport,20.0,,,,3772871.75,2508690.382138056,1365349.0,2102283.75,2469463.0,5165988.5,9766365.0
IS_BIRK,Reykjavík Airport,5.0,,,,299274.2,87417.10161175558,159324.0,277680.0,331450.0,340387.0,387530.0
IS_BIVM,Vestmannaeyjar Airport,1.0,,,,3689.0,,3689.0,3689.0,3689.0,3689.0,3689.0
IT_LIBC,Crotone Airport (Sant'Anna Airport),5.0,,,,116220.0,53677.8561792477,54009.0,85203.0,97003.0,171506.0,173379.0
IT_LIBD,Bari Karol Wojtyla Airport,20.0,,,,3386427.5,1358148.2501343512,1466611.0,2308986.5,3416610.5,4067833.25,6266521.0
IT_LIBF,Foggia Gino Lisa Airport,10.0,,,,26482.4,28425.96392658577,1520.0,6488.75,8219.5,53032.75,69987.0
IT_LIBG,Taranto-Grottaglie Airport,6.0,,,,1088.3333333333333,1385.4093498553655,16.0,189.0,307.0,2205.5,2912.0
IT_LIBP,Abruzzo Airport,19.0,,,,484679.2631578947,156333.61996769818,172373.0,372920.5,543057.0,590604.0,713217.0
IT_LIBR,Brindisi - Salento Airport,20.0,,,,1697390.8,743178.8956078511,704496.0,991972.75,1863171.0,2277751.0,3102454.0
IT_LICA,Lamezia Terme International Airport,19.0,,,,1930139.4736842106,693117.1029381502,319822.0,1483667.0,1919755.0,2448165.5,3010106.0
IT_LICB,Comiso Airport,9.0,,,,338934.0,120067.60772685529,91434.0,328027.0,368963.0,431061.0,459460.0
IT_LICC,Catania-Fontanarossa Airport,20.0,,,,6776904.85,1827425.2280534597,3655805.0,5825652.0,6276330.5,7312834.75,10240389.0
IT_LICD,Lampedusa Airport,16.0,,,,213790.625,51229.898326237846,161291.0,176055.0,186301.5,259963.25,325842.0
IT_LICG,Pantelleria Airport,9.0,,,,143338.88888888888,25547.547878634286,106620.0,126691.0,136649.0,166348.0,186078.0
IT_LICJ,Falcone-Borsellino Airport (Punta Raisi Airport),20.0,,,,4761044.15,1163487.301411185,2732739.0,4137260.25,4455670.5,5093055.5,7189951.0
IT_LICR,Reggio di Calabria Airport,16.0,,,,438110.75,163757.45242950015,110571.0,365115.75,489921.0,562132.5,618354.0
IT_LICT,Vincenzo Florio Airport,20.0,,,,926774.2,585191.396594005,197322.0,417092.0,722940.0,1518912.25,1877720.0
IT_LIEA,Alghero-Fertilia Airport,19.0,,,,1309970.5263157894,281162.7428725159,537488.0,1194381.0,1382958.0,1510243.0,1678109.0
IT_LIEE,Cagliari Elmas Airport,20.0,,,,3288117.6,821639.9653244466,1785776.0,2648391.25,3399244.0,3713499.25,4788991.0
IT_LIEO,Olbia Costa Smeralda Airport,20.0,,,,2055811.7,563386.9369563543,1024739.0,1703680.75,1874206.0,2300835.25,3161713.0
IT_LIMC,Milan-Malpensa Airport,20.0,,,,19296700.2,4630696.678570647,7274756.0,18536291.5,19296227.5,21565573.25,28945027.0
IT_LIMF,Turin Airport (Caselle Airport),20.0,,,,3354695.85,709520.510616651,1418820.0,3132867.0,3475829.5,3844079.25,4229840.0
IT_LIMJ,Genoa Cristoforo Colombo Airport,20.0,,,,1156145.1,273717.12884787883,398694.0,1050877.75,1227791.0,1313764.25,1545300.0
IT_LIMW,Aosta Valley Airport,5.0,,,,7932.0,1845.827050403152,6020.0,6974.0,7776.0,7953.0,10937.0
IT_LIMZ,Cuneo International Airport,5.0,,,,222818.4,58569.22643163388,128786.0,223614.0,235614.0,235840.0,290238.0
IT_LIPB,Bolzano Airport,10.0,,,,56482.6,11562.699456057444,36822.0,50434.0,56752.0,63748.75,74330.0
IT_LIPE,Bologna Guglielmo Marconi Airport,20.0,,,,5716637.55,2037487.6154083149,2529942.0,4126373.75,5769943.0,7100815.5,9488471.0
IT_LIPH,Treviso-Sant'Angelo Airport,20.0,,,,1901615.1,839345.4724522524,463626.0,1271781.5,1957093.0,2442266.75,3304285.0
IT_LIPK,Forli International Airport (Luigi Ridolfi Airport),11.0,,,,515724.7272727273,240260.36106694376,39726.0,349484.5,569158.0,676958.0,816657.0
IT_LIPO,Brescia Airport (Gabriele D'Annunzio Airport),20.0,,,,108049.9,133668.03116633464,1882.0,6360.25,16366.0,206398.25,405454.0
IT_LIPQ,Trieste - Friuli Venezia Giulia Airport,20.0,,,,694607.4,161021.62387227113,209919.0,671986.5,732678.5,779285.25,880543.0
IT_LIPR,Federico Fellini International Airport,20.0,,,,378189.85,217995.87594077745,61427.0,235455.5,338432.0,478855.5,918863.0
IT_LIPX,Verona Villafranca Airport,20.0,,,,2848096.9,644292.4974405647,1044154.0,2644709.0,2998849.5,3270491.5,3643776.0
IT_LIPY,Ancona Falconara Airport,20.0,,,,465027.6,102347.75410561367,151100.0,456265.5,483833.5,516853.75,606591.0
IT_LIPZ,Venice Marco Polo Airport,20.0,,,,7571007.9,2327539.901402448,2798584.0,6191570.5,7622213.5,8887078.25,11558024.0
IT_LIRF,Rome–Fiumicino International Airport,20.0,,,,33221610.65,9255464.089921126,9885587.0,29341863.25,36013306.5,38945416.75,43657541.0
IT_LIRN,Naples International Airport,20.0,,,,6256470.2,2166244.8291913285,2774076.0,4999427.5,5726670.0,6321131.75,10917285.0
IT_LIRP,Pisa International Airport (Galileo Galilei Airport),20.0,,,,3820840.9,1324090.0860594558,1314416.0,2824657.5,4278353.0,4705332.0,5457429.0
IT_LIRQ,Florence Airport,20.0,,,,1910437.05,576281.2910950305,667665.0,1645583.75,1912469.5,2282154.0,2861616.0
IT_LIRZ,Perugia San Francesco d'Assisi - Umbria International Airport,14.0,,,,199313.2142857143,74698.39493093704,77847.0,152591.25,208345.0,221360.25,372760.0
LT_EYKA,Kaunas International Airport,18.0,,,,685952.3333333334,325031.61587325076,76703.0,420490.75,732354.0,860649.75,1184022.0
LT_EYPA,Palanga International Airport,18.0,,,,165999.55555555556,86503.77382602329,86927.0,108992.0,127551.5,214185.0,343448.0
LT_EYSA,Siauliai International Airport,11.0,,,,734.0,498.87633738232165,146.0,419.5,654.0,950.5,1985.0
LT_EYVI,Vilnius Airport,18.0,,,,2598053.111111111,1253932.3503704323,1278840.0,1513670.75,2130905.5,3656704.5,5006534.0
LU_ELLX,Luxembourg Findel Airport,20.0,,,,2295873.7,971373.2210326672,1425588.0,1582420.75,1864837.0,2734330.75,4364168.0
LV_EVRA,Riga International Airport,20.0,,,,4124968.7,1922628.979765415,711848.0,2460787.75,4723463.0,5217209.0,7786572.0
ME_LYPG,Podgorica Airport,7.0,,,,951257.7142857143,355881.3592138604,338169.0,757923.5,1049740.0,1231756.5,1291535.0
ME_LYTV,Tivat Airport,7.0,,,,884735.4285714285,411648.3632721246,183790.0,653911.0,976778.0,1181746.0,1361266.0
MK_LWSK,Skopje Alexander the Great Airport,8.0,,,,1697445.125,545190.8271433662,709241.0,1405837.25,1755328.0,2139427.5,2353327.0
MT_LMML,Malta International Airport (Luqa Airport),20.0,,,,3931941.2,1548407.3369465666,1752445.0,2763041.25,3400044.5,4734287.25,7318357.0
NL_EHAM,Amsterdam Airport Schiphol,20.0,,,,49904018.9,13167060.65692829,20888227.0,44065397.25,48843909.0,55850838.5,71742574.0
NL_EHBK,Maastricht Aachen Airport,20.0,,,,272662.5,96852.0749556277,91618.0,194556.75,278611.0,331680.5,459744.0
NL_EHEH,Eindhoven Airport,20.0,,,,3132339.75,2004702.6914083762,432287.0,1618574.0,2686919.0,4540292.25,6785139.0
NL_EHGG,Groningen Airport Eelde,20.0,,,,181698.0,65440.21343180354,18240.0,159885.0,195664.0,226259.5,255281.0
NL_EHRD,Rotterdam The Hague Airport,20.0,,,,1319809.95,473185.99824476225,493638.0,1033656.25,1167588.0,1681613.75,2125069.0
NO_ENAL,Alesund Airport,20.0,,,,874884.3,220602.66954988745,458421.0,710501.0,882148.5,1080100.5,1155096.0
NO_ENAN,Andoya Airport,6.0,,,,42607.166666666664,3806.789482840714,35519.0,42103.0,43827.5,44335.5,46436.0
NO_ENAT,Alta Airport,20.0,,,,347579.55,55166.10948234813,202840.0,344577.75,361130.5,385073.25,409273.0
NO_ENBL,Forde Airport,6.0,,,,69006.83333333333,7446.493763286629,58895.0,64785.5,68118.0,74133.25,79097.0
NO_ENBN,Bronnoysund Airport,14.0,,,,109082.57142857143,23133.381264425545,78994.0,92907.25,101092.0,119973.75,147087.0
NO_ENBO,Bodo Airport,20.0,,,,1657450.05,286273.989168543,1110830.0,1403440.0,1772888.5,1907947.0,2007233.0
NO_ENBR,Bergen Airport,20.0,,,,4958451.95,1185839.9237338498,2564932.0,4121427.5,5238497.5,5910563.75,6344289.0
NO_ENBS,Batsfjord Airport,6.0,,,,25076.833333333332,2295.15946432196,22944.0,23361.0,24225.0,26833.5,28291.0
NO_ENBV,Berlevag Airport,6.0,,,,14425.0,1988.8305106267853,12315.0,13425.25,13509.5,15731.25,17347.0
NO_ENCN,Kristiansand Airport,20.0,,,,865515.2,207520.85006764982,384507.0,748368.75,879554.5,1038502.5,1075866.0
NO_ENDU,Bardufoss Airport,20.0,,,,192946.55,37818.59433146471,128307.0,169436.25,186563.5,223263.25,246509.0
NO_ENEV,Harstad/Narvik Airport,20.0,,,,599705.25,142376.97645035427,374355.0,495795.5,580923.0,722371.75,828491.0
NO_ENFG,Fagernes Airport,6.0,,,,8304.166666666666,1418.0756561857575,6180.0,7492.5,8407.5,9464.25,9826.0
NO_ENFL,Floro Airport,20.0,,,,113239.85,24913.215565607366,75883.0,94556.0,116129.5,122361.0,161403.0
NO_ENGM,Oslo Airport,20.0,,,,20133509.35,5731339.173729913,8990074.0,17162784.75,20162656.5,24257693.75,28475439.0
NO_ENHA,Hamar Airport,6.0,,,,0.0,0.0,0.0,0.0,0.0,0.0,0.0
NO_ENHD,Haugesund Airport,20.0,,,,529833.95,135397.76745243117,235560.0,465026.25,542439.5,626751.25,707411.0
NO_ENHF,Hammerfest Airport,14.0,,,,157650.64285714287,27979.586714402896,112557.0,133710.25,159023.0,180182.75,199239.0
NO_ENHK,Hasvik Airport,6.0,,,,11524.166666666666,585.6867479008439,10905.0,11154.0,11310.0,11926.5,12386.0
NO_ENHV,Honningsvag Airport,6.0,,,,24851.0,1438.8357793716418,23075.0,23632.5,25189.5,25885.5,26421.0
NO_ENKB,Kristiansund Airport,20.0,,,,254410.6,46030.13006762098,153007.0,231060.0,264378.5,278150.75,321286.0
NO_ENKL,Gol Airport,3.0,,,,0.0,0.0,0.0,0.0,0.0,0.0,0.0
NO_ENKR,Kirkenes Airport,20.0,,,,267944.1,49610.203190685,171443.0,225923.25,278696.0,314590.25,320476.0
NO_ENLK,Leknes Airport,14.0,,,,103401.21428571429,24763.940223883757,78250.0,85112.5,91567.5,116847.0,151547.0
NO_ENMH,Mehamn Airport,6.0,,,,22680.833333333332,2351.072386522088,20390.0,20817.0,22101.5,24172.0,26241.0
NO_ENML,Molde Airport,20.0,,,,392249.25,94703.5995585979,187576.0,346585.5,417616.0,454752.25,519644.0
NO_ENMS,Mosjoen Airport,14.0,,,,77970.14285714286,15462.90838827469,53320.0,70887.75,75595.5,78251.25,110970.0
NO_ENNA,Lakselv Airport,6.0,,,,54682.833333333336,4088.5955249531185,46613.0,55285.5,55750.5,56481.0,58128.0
NO_ENNK,Narvik Airport,6.0,,,,22599.166666666668,12753.660108638096,4557.0,13569.75,25093.5,32980.5,35513.0
NO_ENNM,Namsos Airport,6.0,,,,34950.166666666664,3241.1302606755357,30763.0,33274.5,34084.5,37590.0,39006.0
NO_ENNO,Notodden Airport,6.0,,,,328.3333333333333,357.5598784353002,0.0,116.25,262.0,347.75,1002.0
NO_ENOL,Orland Airport,6.0,,,,3349.0,2488.945399160054,251.0,1508.25,3264.5,5151.25,6611.0
NO_ENOV,Orsta-Volda Airport,14.0,,,,80146.57142857143,31931.357078569665,38745.0,50468.25,76272.5,110414.25,122189.0
NO_ENRA,Mo i Rana Airport,14.0,,,,108066.92857142857,21077.689913067527,67598.0,93551.75,103861.5,123777.0,145009.0
NO_ENRM,Rorvik Airport,6.0,,,,31289.0,3049.5549183446424,28782.0,28939.0,29954.0,33574.5,35662.0
NO_ENRO,Roros Airport,6.0,,,,9179.166666666666,1544.9638722852605,7029.0,8212.75,9223.0,10527.25,10762.0
NO_ENRS,Rost Airport,6.0,,,,5716.833333333333,2225.7757673823903,2564.0,4891.75,5307.5,6811.5,9056.0
NO_ENRY,Moss Airport,14.0,,,,881329.2142857143,800985.4152902659,0.0,1.25,896964.5,1660145.75,1887552.0
NO_ENSD,Sandane Airport,6.0,,,,38806.333333333336,4917.566417107822,31144.0,36830.0,38515.0,42638.25,44383.0
NO_ENSG,Sogndal Airport,14.0,,,,98660.14285714286,14495.138494613357,78032.0,84849.75,96841.5,110017.25,126836.0
NO_ENSH,Svolvaer Airport,6.0,,,,68373.33333333333,3920.2887988854427,64597.0,66013.25,67587.5,68909.75,75629.0
NO_ENSK,Stokmarknes Airport,14.0,,,,107549.35714285714,20739.2648063713,63159.0,97770.0,105370.0,120182.75,139730.0
NO_ENSN,Skien Airport,6.0,,,,16053.333333333334,15907.663293729429,135.0,4071.0,11707.5,29501.25,35812.0
NO_ENSO,Stord Airport,6.0,,,,32411.333333333332,18173.950342912976,8154.0,24355.5,27539.0,45354.25,56649.0
NO_ENSR,Sorkjosen Airport,6.0,,,,18995.666666666668,2412.3981981975253,16257.0,17248.5,18571.0,20948.0,22027.0
NO_ENSS,Varddo Air,6.0,,,,22091.333333333332,3864.7607774177523,15212.0,21568.25,22310.0,24258.5,26487.0
NO_ENST,Sandnessjoen Airport,14.0,,,,87795.07142857143,19023.70103304048,63801.0,78291.75,82820.0,88005.5,127771.0
NO_ENTC,Tromse Airport,20.0,,,,1863121.8,391367.233541674,1322807.0,1575786.5,1813154.0,2134289.0,2468255.0
NO_ENTO,Sandefjord Airport,20.0,,,,1437463.9,443685.60999166255,625749.0,1116978.25,1479352.5,1762254.75,2063313.0
NO_ENVA,Trondheim Airport,20.0,,,,3575302.3,843214.8666573726,1835720.0,3049317.75,3695636.5,4362386.25,4446857.0
NO_ENVD,Vadso Airport,14.0,,,,110843.5,21897.504170215732,82031.0,89976.0,115573.0,128357.5,145109.0
NO_ENZV,Stavanger Airport,20.0,,,,3405462.5,875575.0585755807,1494294.0,2968054.25,3496136.0,4048086.25,4449111.0
PL_EPBY,Bydgoszcz Ignacy Jan Paderewski Airport,12.0,,,,299432.3333333333,100162.80991859145,99761.0,270808.5,333060.5,347727.0,425684.0
PL_EPGD,Gdansk Lech Walesa Airport,17.0,,,,3020680.8235294116,1288178.6327320465,1249753.0,1951062.0,2780510.0,3994012.0,5362727.0
PL_EPKK,John Paul II International Airport Krakow-Balice,17.0,,,,4177378.1764705884,1845002.0985673105,2367257.0,2923936.0,3427480.0,4976896.0,8406388.0
PL_EPKT,Katowice International Airport,17.0,,,,2870754.9411764704,1069516.168816972,1357914.0,2342085.0,2543290.0,3238088.0,4849873.0
PL_EPLB,Lublin Airport,9.0,,,,291659.77777777775,128680.69721677157,107362.0,184958.0,329439.0,376823.0,454012.0
PL_EPLL,Lodz Wladyslaw Reymont Airport,12.0,,,,248080.66666666666,115223.96299565575,70089.0,200767.0,241636.5,304129.25,462980.0
PL_EPMO,Warsaw Modlin Airport,9.0,,,,2413357.888888889,846130.0657141083,870831.0,1703797.0,2859191.0,3080775.0,3124944.0
PL_EPPO,Poznań–Ławica Henryk Wieniawski Airport,17.0,,,,1460622.1176470588,538126.0696776689,643855.0,1195922.0,1416685.0,1689097.0,2461520.0
PL_EPRZ,Rzeszow-Jasionka Airport,12.0,,,,578943.8333333334,176404.96446829554,231802.0,545481.25,620000.0,685202.75,772105.0
PL_EPSC,Solidarity Szczecin-Goleniow Airport,12.0,,,,383146.8333333333,148391.69002206984,181849.0,275707.25,376297.0,487796.5,597676.0
PL_EPSY,Olsztyn-Mazury Regional Airport,2.0,,,,80013.0,47005.63038615693,46775.0,63394.0,80013.0,96632.0,113251.0
PL_EPWA,Warsaw Chopin Airport,19.0,,,,10586138.105263159,3763086.1130443616,5478665.0,8225072.0,9480240.0,12029171.0,18855111.0
PL_EPWR,Copernicus Airport Wroclaw,17.0,,,,1967824.294117647,826837.6850349592,460518.0,1421517.0,1899863.0,2391533.0,3548073.0
PT_LPAZ,Santa Maria Airport,6.0,,,,81297.66666666667,21980.049168886468,55092.0,67701.5,75781.0,96565.5,112630.0
PT_LPBG,Braganca Airport,8.0,,,,2609.625,1401.0990520200307,691.0,1403.5,2694.5,3984.75,4196.0
PT_LPBJ,Beja Airport,12.0,,,,1537.5,1408.1767386492106,262.0,601.75,954.5,2298.5,5080.0
PT_LPCR,Corvo Airport,11.0,,,,5879.909090909091,2933.3272730653653,1049.0,3981.5,5230.0,8088.5,10774.0
PT_LPCS,Cascais Municipal Aerodrome,11.0,,,,7382.363636363636,4716.768518227861,957.0,3060.5,7952.0,11707.5,13467.0
PT_LPFL,Flores Airport,20.0,,,,38242.85,13617.79272351163,24103.0,31680.75,34895.0,42665.5,89333.0
PT_LPFR,Faro Airport,20.0,,,,5877489.45,1796464.0058606786,2207777.0,4905456.0,5507254.5,6726160.5,9003516.0
PT_LPGR,Graciosa Airport,11.0,,,,39726.90909090909,17505.525575969124,7428.0,26732.0,43511.0,52654.0,62974.0
PT_LPHR,Horta Airport,20.0,,,,187225.95,34109.12387042351,90727.0,173178.0,184177.0,195973.0,263716.0
PT_LPLA,Lajes Field,17.0,,,,444066.82352941175,133240.54820897957,216227.0,383155.0,436071.0,480367.0,677705.0
PT_LPMA,Madeira Airport,17.0,,,,2415129.0588235296,624989.8001051168,1092191.0,2115895.0,2324568.0,2814323.0,3873318.0
PT_LPPD,Joao Paulo II Airport,20.0,,,,1091317.5,433648.4622466621,634556.0,827647.5,856427.0,1253603.25,2074336.0
PT_LPPI,Pico Airport,11.0,,,,96495.63636363637,49776.13681127279,11793.0,62006.0,117192.0,127850.5,178506.0
PT_LPPM,Portimao Airport,7.0,,,,3253.285714285714,3321.55960929429,4.0,523.0,1473.0,6528.5,7193.0
PT_LPPR,Francisco de Sa Carneiro Airport,20.0,,,,6569554.7,3345945.085458235,2675819.0,4256082.0,5913972.5,8399742.0,13071188.0
PT_LPPS,Porto Santo Airport,20.0,,,,137159.85,38679.32641371126,52997.0,105911.25,135086.5,165746.5,219935.0
PT_LPPT,Lisbon Portela Airport,20.0,,,,16989991.7,6884443.675353212,9218382.0,12126842.5,14216336.0,20488413.25,31242618.0
PT_LPSJ,Sao Jorge Airport,11.0,,,,55382.72727272727,25043.95370180559,9041.0,36591.5,67363.0,73135.5,87723.0
PT_LPVR,Vila Real Airport,5.0,,,,3873.0,2126.240226314985,671.0,3559.0,3943.0,4650.0,6542.0
PT_LPVZ,Viseu Airport,6.0,,,,7141.666666666667,2646.2479601629675,3778.0,4902.5,7916.5,9128.25,9809.0
RO_LRAR,Arad International Airport,2.0,,,,622.0,690.1362184380704,134.0,378.0,622.0,866.0,1110.0
RO_LRBC,Bacau International Airport,13.0,,,,347302.3076923077,140070.84287506365,36947.0,305043.0,379800.0,425598.0,556256.0
RO_LRBM,Baia Mare Airport,4.0,,,,4055.0,4753.529635965258,0.0,0.0,3553.0,7608.0,9114.0
RO_LRCK,Mihail Kogalniceanu International Airport,2.0,,,,64562.5,24753.68708899747,47059.0,55810.75,64562.5,73314.25,82066.0
RO_LRCL,Cluj-Napoca International Airport,19.0,,,,1310639.7368421052,888988.4022828571,193027.0,807897.0,1045570.0,1689343.5,2924070.0
RO_LRCV,Craiova International Airport,6.0,,,,305491.6666666667,216682.5922077421,1020.0,166988.0,333098.5,488278.5,514110.0
RO_LRIA,Iasi International Airport,11.0,,,,739936.5454545454,510673.7270231089,27214.0,325609.5,638538.0,1197631.0,1536415.0
RO_LROD,Oradea International Airport,3.0,,,,45220.333333333336,8296.906672569805,37220.0,40938.0,44656.0,49220.5,53785.0
RO_LROP,Bucharest Henri Coandă International Airport,19.0,,,,7485381.421052632,3845539.964419797,2600401.0,4700725.0,6910591.0,10135200.5,14702115.0
RO_LRSB,Sibiu International Airport,13.0,,,,377118.76923076925,212921.63355686908,49989.0,234855.0,284713.0,549170.0,731558.0
RO_LRSM,Satu Mare International Airport,1.0,,,,12900.0,,12900.0,12900.0,12900.0,12900.0,12900.0
RO_LRSV,Suceava International Airport (Stefan cel Mare Int'l),5.0,,,,323885.0,280667.9254893583,2500.0,189139.0,317875.0,346593.0,763318.0
RO_LRTC,Tulcea Danube Delta Airport,2.0,,,,86.5,62.932503525602726,42.0,64.25,86.5,108.75,131.0
RO_LRTM,Targu Mures International Airport,10.0,,,,167814.1,150376.8965406957,592.0,25067.5,132442.0,323965.25,356386.0
RO_LRTR,Timisoara Traian Vuia International Airport,19.0,,,,985809.6842105263,347671.8954718743,473127.0,743504.0,924560.0,1180804.5,1621963.0
RS_LYBE,Belgrade Nikola Tesla Airport,7.0,,,,4462992.714285715,1497300.7381521272,1784318.0,3840033.0,4828171.0,5394688.0,6159018.0
RS_LYNI,Nis Constantine the Great Airport,5.0,,,,316065.4,169491.75169694837,146365.0,154208.0,342525.0,389018.0,548211.0
SE_ESDF,Ronneby Airport,20.0,,,,192622.1,56618.97111104797,44306.0,205285.75,210597.0,219579.75,237953.0
SE_ESGG,Goteborg Landvetter Airport,20.0,,,,4703899.6,1444251.671477706,1596419.0,4120229.25,4437403.5,5490668.0,6853152.0
SE_ESGJ,Jonkoping Airport,9.0,,,,91577.55555555556,67715.15811306784,4894.0,12782.0,118529.0,144235.0,181275.0
SE_ESGP,Goteborg City Airport,11.0,,,,616497.5454545454,315767.1237362635,1236.0,625785.5,746625.0,791003.0,863333.0
SE_ESMQ,Kalmar Airport,20.0,,,,181946.4,56158.88695515702,48309.0,174277.75,185248.5,217848.25,250400.0
SE_ESMX,Vaxjo Smaland Airport,17.0,,,,175042.76470588235,61803.380669597485,45049.0,160482.0,179807.0,190070.0,279352.0
SE_ESNN,Sundsvall-Timra Airport (Midlanda Airport),20.0,,,,259806.7,102992.04593615854,14688.0,266460.5,282063.5,314466.25,379935.0
SE_ESNO,Ornskoldsvik Airport,6.0,,,,76180.33333333333,74550.57253614266,3701.0,8174.25,78939.5,143960.5,145282.0
SE_ESNQ,Kiruna Airport,20.0,,,,203705.85,52453.16466823673,110779.0,166155.25,197272.0,258357.75,284124.0
SE_ESNS,Skelleftea Airport,20.0,,,,261992.65,76176.1389642625,99505.0,224301.5,261407.5,292849.0,422051.0
SE_ESNU,Umea Airport,20.0,,,,865475.45,227043.02200115824,307908.0,831777.0,870790.5,1031210.25,1086957.0
SE_ESNZ,Are Ostersund Airport,16.0,,,,381521.1875,123752.31699068304,125893.0,357733.25,396708.0,467550.0,531701.0
SE_ESOE,Orebro Airport,8.0,,,,84694.5,36131.08237277942,5568.0,74986.25,96594.0,107274.5,118721.0
SE_ESOK,Karlstad Airport,11.0,,,,121830.18181818182,28919.666764394715,82427.0,105783.5,119443.0,138004.5,172090.0
SE_ESPA,Lulea Airport (Kallax Airport),20.0,,,,987079.9,217133.12774131523,420786.0,909992.5,1015394.0,1145796.25,1204915.0
SE_ESSA,Stockholm Arlanda Airport,20.0,,,,18917401.1,5423224.414328085,6575887.0,16873244.75,18346582.5,22650002.0,26953307.0
SE_ESSL,Linkoping City Airport,6.0,,,,89930.83333333333,60381.22494092569,24378.0,37096.25,95670.5,144321.5,145756.0
SE_ESSP,Norrkoping Airport,3.0,,,,96070.33333333333,7022.47836118655,89910.0,92247.0,94584.0,99150.5,103717.0
SE_ESSV,Visby Airport,20.0,,,,338165.2,92803.5803719481,123034.0,294809.5,321603.0,412945.5,492152.0
SE_ESTA,Angelholm-Helsingborg Airport,20.0,,,,351583.0,94148.13057875172,110740.0,361963.75,390668.5,403495.0,419404.0
SK_LZIB,M. R. Stefanik Airport,17.0,,,,1606422.8235294118,540234.1011461184,405092.0,1362728.0,1662288.0,1950240.0,2292644.0
SK_LZKZ,Kosice International Airport,17.0,,,,374675.82352941175,147578.54626995893,96726.0,265726.0,359402.0,505472.0,584562.0
TR_LTAC,Esenboga International Airport,11.0,,,,11289039.727272727,3577001.4489896726,5178618.0,9008735.0,11097096.0,13470458.5,16819812.0
TR_LTAF,Adana Sakirpasa Airport,11.0,,,,4606395.090909091,1026613.8291955212,2517525.0,4025281.5,4756514.0,5473933.0,5663226.0
TR_LTAI,Antalya Airport,11.0,,,,26035630.09090909,7164978.56390649,9782667.0,23740683.0,27523384.0,29974331.5,36221258.0
TR_LTAJ,Gaziantep Oguzeli International Airport,11.0,,,,2138181.272727273,428877.9590988772,1391113.0,1848197.0,2325920.0,2431532.5,2641351.0
TR_LTAL,Kastamonu Airport,10.0,,,,64076.1,29249.0337483328,25343.0,37420.75,65421.5,89881.0,107199.0
TR_LTAN,Konya Airport,11.0,,,,916703.8181818182,238897.55527582034,497349.0,736735.5,1000608.0,1088355.0,1253574.0
TR_LTAP,Amasya Merzifon Airport,11.0,,,,130846.45454545454,44891.36440645046,82750.0,92891.5,113458.0,157162.5,222526.0
TR_LTAR,Sivas Airport,11.0,,,,439166.2727272727,117040.3313564097,244295.0,355510.0,423500.0,548047.5,583069.0
TR_LTAS,Zonguldak Airport,11.0,,,,35580.818181818184,26874.34617183526,9776.0,24500.0,27711.0,29815.0,109770.0
TR_LTAT,Malatya Erhac Airport,11.0,,,,703859.8181818182,122757.20988016807,478870.0,645167.0,665907.0,780192.5,887477.0
TR_LTAU,Erkilet International Airport,11.0,,,,1895969.4545454546,396290.0285503948,1162478.0,1691857.0,2033887.0,2201897.5,2358160.0
TR_LTAW,Tokat Airport,7.0,,,,41100.0,26436.499011782933,13058.0,21610.5,35067.0,53954.5,88445.0
TR_LTAY,Denizli Cardak Airport,11.0,,,,443675.63636363635,177438.2626843899,192108.0,300785.5,404986.0,600557.0,682052.0
TR_LTAZ,Nevsehir Kapadokya Air,11.0,,,,294416.8181818182,124562.75518052591,129181.0,185893.5,298568.0,375377.0,494407.0
TR_LTBA,Istanbul Ataturk Airport,10.0,,,,42356869.3,26684111.306718193,0.0,23376626.25,54018826.5,61121767.0,68361984.0
TR_LTBF,Balikesir Airport (Merkez Airport),4.0,,,,3817.25,5300.536663081076,286.0,472.0,1705.0,5050.25,11573.0
TR_LTBH,Canakkale Airport,11.0,,,,123769.45454545454,73958.70805167386,7737.0,64462.5,131668.0,176144.5,229407.0
TR_LTBO,Usak Airport,7.0,,,,12846.714285714286,9486.330247858155,52.0,7952.5,11017.0,17265.0,28423.0
TR_LTBQ,Cengiz Topel Naval Air Station,11.0,,,,33838.63636363636,23994.85046118324,1767.0,11890.0,41728.0,55938.5,62311.0
TR_LTBR,Yenisehir Airport,11.0,,,,156666.27272727274,92269.39383467403,60841.0,77344.5,112535.0,251652.5,281859.0
TR_LTBS,Dalaman Airport,11.0,,,,3782934.727272727,1034534.3232256812,1589396.0,3452291.5,4104359.0,4484769.0,4926232.0
TR_LTBU,Tekirdag Corlu Airport,11.0,,,,77637.18181818182,46567.09641972148,8474.0,36238.5,77865.0,108783.5,153830.0
TR_LTBY,Anadolu Airport,11.0,,,,69679.45454545454,26463.80402876214,34400.0,49449.5,56722.0,94493.5,109010.0
TR_LTBZ,Zafer Airport,11.0,,,,67738.90909090909,36747.44063320477,3181.0,40078.0,85252.0,92395.0,105138.0
TR_LTCA,Elazig Airport,11.0,,,,835326.9090909091,188119.75633221224,543463.0,683641.0,901469.0,995200.0,1045302.0
TR_LTCB,Ordu-Giresun Airport,8.0,,,,809603.0,316669.1960742088,222936.0,695066.0,805077.5,1069673.25,1188536.0
TR_LTCC,Diyarbakir Airport,11.0,,,,1731409.7272727273,340971.46134070837,1117292.0,1513524.0,1799668.0,2018305.5,2101704.0
TR_LTCD,Erzincan Airport,11.0,,,,330185.54545454547,88114.79705175929,223667.0,285654.0,299058.0,382922.0,501160.0
TR_LTCE,Erzurum Airport,11.0,,,,986504.2727272727,245610.00209522858,563940.0,830541.5,981033.0,1145552.5,1356570.0
TR_LTCF,Kars Harakani Airport,11.0,,,,466557.7272727273,74969.68807070082,376150.0,408700.0,453366.0,526807.0,577562.0
TR_LTCG,Trabzon Airport,11.0,,,,3136175.909090909,745679.0178557332,1806852.0,2636970.0,3187269.0,3746742.5,4151305.0
TR_LTCI,Van Ferit Melen Airport,11.0,,,,1307201.1818181819,219061.51656912186,976311.0,1165996.0,1311166.0,1448067.5,1661684.0
TR_LTCJ,Batman Airport,11.0,,,,456834.7272727273,116890.66500716891,197507.0,422605.5,439847.0,522444.5,666321.0
TR_LTCK,Mus Airport,11.0,,,,344314.54545454547,74474.46740912438,207248.0,296499.0,347617.0,380708.0,460184.0
TR_LTCL,Siirt Airport,10.0,,,,42271.5,24802.516002525947,16896.0,25428.75,34229.0,49648.5,97957.0
TR_LTCM,Sinop Airport,10.0,,,,102523.3,39472.34469586129,67427.0,75354.25,86356.0,125988.5,179271.0
TR_LTCN,Kahramanmaras Airport,11.0,,,,210284.0,73637.52633678021,102046.0,156690.0,187268.0,265736.0,334422.0
TR_LTCO,Agri Airport,11.0,,,,236253.0909090909,55122.03341034245,154250.0,205063.5,222170.0,267110.0,326720.0
TR_LTCP,Adiyaman Airport,11.0,,,,185526.54545454544,64129.68332272293,100522.0,128167.5,182423.0,245063.0,282130.0
TR_LTCR,Mardin Airport,11.0,,,,532822.0,138727.65740543592,278590.0,434174.0,569315.0,620142.5,713651.0
TR_LTCS,Sanliurfa GAP Airport,11.0,,,,636979.0909090909,166445.97552025976,347744.0,551663.0,641948.0,755039.5,858476.0
TR_LTCT,Igdir Airport,11.0,,,,203338.63636363635,63329.3213926578,55225.0,195070.0,213136.0,232360.0,289251.0
TR_LTCU,Bingol Airport,10.0,,,,145157.6,52960.9508772475,29443.0,126306.25,144415.5,165393.75,225811.0
TR_LTCV,Sirnak Airport,10.0,,,,276221.4,103310.5676440379,39074.0,244546.75,278132.5,333124.0,425345.0
TR_LTCW,Hakkari Yuksekova Airport,8.0,,,,115407.25,61986.573794538075,20876.0,81448.75,121807.0,160401.5,190817.0
TR_LTDA,Hatay Airport,11.0,,,,1048988.0,235040.93174849355,635758.0,931664.5,1114564.0,1209083.5,1326288.0
TR_LTFC,Isparta Suleyman Demirel Airport,11.0,,,,136763.54545454544,70997.71383553647,42425.0,61236.0,150169.0,186667.0,241367.0
TR_LTFD,Balikesir Koca Seyit Airport,11.0,,,,271650.36363636365,144138.97675803912,46595.0,183227.0,265810.0,360852.0,515558.0
TR_LTFE,Milas-Bodrum Airport,11.0,,,,3529539.3636363638,789381.7326374196,1480934.0,3433185.5,3665581.0,3922408.5,4360553.0
TR_LTFG,Gazipasa-Alanya Airport,11.0,,,,681395.8181818182,339849.67948162556,80169.0,482338.0,721436.0,867647.0,1201895.0
TR_LTFH,Samsun-Carsamba Airport,11.0,,,,1384963.5454545454,292965.975139559,870554.0,1192673.0,1335758.0,1621216.5,1790018.0
TR_LTFJ,Sabiha Gokcen International Airport,11.0,,,,26249999.272727273,7045902.280388014,14813383.0,21093871.5,28191379.0,31092078.5,35566701.0
TR_LTFK,Gokceada Airport,2.0,,,,1696.0,42.42640687119285,1666.0,1681.0,1696.0,1711.0,1726.0
TR_LTFM,Istanbul Ataturk Airport,5.0,,,,35453324.6,25092596.998650607,95205.0,23415111.0,37192641.0,52031566.0,64532100.0
TR_LTFO,Rize Artvin Airport,1.0,,,,527148.0,,527148.0,527148.0,527148.0,527148.0,527148.0
